,Unnamed: 0,Year,Month,Make,Model,Version,City,No of Owners,Kilometers,Min_Value,Max_Value,Original_Price,Avg_Value,Depreciation
0,0,2010,January,Honda,City,Vtec,Mumbai,1,100000,350000,450000,1500000,400000.0,1100000.0
1,1,2011,March,Honda,City,Vtec,Mumbai,1,100000,400000,500000,1500000,450000.0,1050000.0
2,2,2012,May,Honda,City,Vtec,Mumbai,1,50000,500000,600000,1500000,550000.0,950000.0
3,3,2013,June,Honda,City,Vtec,Mumbai,1,50000,625000,725000,1500000,675000.0,825000.0
4,4,2014,August,Honda,City,Vtec,Mumbai,1,50000,700000,800000,1500000,750000.0,750000.0
5,5,2015,April,Honda,City,Vtec,Mumbai,1,10000,800000,900000,1500000,850000.0,650000.0
6,6,2016,December,Honda,City,Vtec,Mumbai,1,50000,900000,1000000,1500000,950000.0,550000.0
7,7,2017,July,Honda,City,Vtec,Mumbai,1,10000,1050000,1150000,1500000,1100000.0,400000.0
8,8,2018,October,Honda,City,Vtec,Mumbai,1,10000,1200000,1300000,1500000,1250000.0,250000.0
9,9,2010,May,Toyota,Corolla,SE,Pune,1,150000,400000,420000,1750000,410000.0,1340000.0
10,10,2011,June,Toyota,Corolla,SE,Pune,1,150000,450000,650000,1750000,550000.0,1200000.0
11,11,2012,February,Toyota,Corolla,SE,Pune,1,100000,500000,700000,1750000,600000.0,1150000.0
12,12,2013,July,Toyota,Corolla,SE,Pune,1,100000,530000,730000,1750000,630000.0,1120000.0
13,13,2014,September,Toyota,Corolla,SE,Pune,1,100000,600000,800000,1750000,700000.0,1050000.0
14,14,2015,November,Toyota,Corolla,SE,Pune,1,100000,670000,870000,1750000,770000.0,980000.0
15,15,2016,April,Toyota,Corolla,SE,Pune,1,50000,750000,950000,1750000,850000.0,900000.0
16,16,2017,June,Toyota,Corolla,SE,Pune,1,50000,830000,1030000,1750000,930000.0,820000.0
17,17,2018,May,Toyota,Corolla,SE,Pune,1,50000,1200000,1400000,1750000,1300000.0,450000.0
18,18,2010,December,Hyundai,Santro,Magna,Pune,1,150000,50000,250000,568000,150000.0,418000.0
19,19,2011,July,Hyundai,Santro,Magna,Pune,1,150000,65000,265000,568000,165000.0,403000.0
20,20,2012,October,Hyundai,Santro,Magna,Pune,1,100000,120000,220000,568000,170000.0,398000.0
21,21,2013,May,Hyundai,Santro,Magna,Pune,1,100000,150000,250000,568000,200000.0,368000.0
22,22,2014,June,Hyundai,Santro,Magna,Pune,1,100000,200000,300000,568000,250000.0,318000.0
23,23,2015,February,Hyundai,Santro,Magna,Pune,1,50000,230000,330000,568000,280000.0,288000.0
24,24,2016,July,Hyundai,Santro,Magna,Pune,1,50000,250000,350000,568000,300000.0,268000.0
25,25,2017,September,Hyundai,Santro,Magna,Pune,1,50000,275000,375000,568000,325000.0,243000.0
26,26,2018,November,Hyundai,Santro,Magna,Pune,1,50000,300000,400000,568000,350000.0,218000.0
27,27,2010,January,Maruti,Alto,800,Mumbai,1,200000,30000,130000,350000,80000.0,270000.0
28,28,2011,February,Maruti,Alto,800,Mumbai,1,150000,40000,140000,350000,90000.0,260000.0
29,29,2012,March,Maruti,Alto,800,Mumbai,1,150000,50000,150000,350000,100000.0,250000.0
30,30,2013,September,Maruti,Alto,800,Mumbai,1,50000,55000,155000,350000,105000.0,245000.0
31,31,2014,August,Maruti,Alto,800,Mumbai,1,50000,65000,165000,350000,115000.0,235000.0
32,32,2015,November,Maruti,Alto,800,Mumbai,1,50000,75000,175000,350000,125000.0,225000.0
33,33,2016,December,Maruti,Alto,800,Mumbai,1,10000,95000,195000,350000,145000.0,205000.0
34,34,2017,July,Maruti,Alto,800,Mumbai,1,10000,105000,205000,350000,155000.0,195000.0
35,35,2018,June,Maruti,Alto,800,Mumbai,1,10000,130000,230000,350000,180000.0,170000.0
36,36,2010,August,Volkswagen,Polo,TDI,Mumbai,1,100000,120000,220000,583000,170000.0,413000.0
37,37,2011,October,Volkswagen,Polo,TDI,Mumbai,1,100000,130000,230000,583000,180000.0,403000.0
38,38,2012,May,Volkswagen,Polo,TDI,Mumbai,1,100000,145000,245000,583000,195000.0,388000.0
39,39,2013,March,Volkswagen,Polo,TDI,Mumbai,1,50000,150000,250000,583000,200000.0,383000.0
40,40,2014,September,Volkswagen,Polo,TDI,Mumbai,1,50000,160000,260000,583000,210000.0,373000.0
41,41,2015,February,Volkswagen,Polo,TDI,Mumbai,1,50000,175000,275000,583000,225000.0,358000.0
42,42,2016,August,Volkswagen,Polo,TDI,Mumbai,1,50000,190000,290000,583000,240000.0,343000.0
43,43,2017,December,Volkswagen,Polo,TDI,Mumbai,1,10000,200000,300000,583000,250000.0,333000.0
44,44,2018,January,Volkswagen,Polo,TDI,Mumbai,1,10000,210000,310000,583000,260000.0,323000.0
45,45,2010,May,Mahindra,XUV,500,Pune,1,150000,450000,850000,1863000,650000.0,1213000.0
46,46,2011,June,Mahindra,XUV,500,Pune,1,150000,474000,874000,1863000,674000.0,1189000.0
47,47,2012,April,Mahindra,XUV,500,Pune,1,200000,490000,890000,1863000,690000.0,1173000.0
48,48,2013,July,Mahindra,XUV,500,Pune,1,100000,550000,950000,1863000,750000.0,1113000.0
49,49,2014,March,Mahindra,XUV,500,Pune,1,50000,590000,990000,1863000,790000.0,1073000.0
50,50,2015,April,Mahindra,XUV,500,Pune,1,10000,600000,1000000,1863000,800000.0,1063000.0
51,51,2016,September,Mahindra,XUV,500,Pune,1,10000,650000,1050000,1863000,850000.0,1013000.0
52,52,2017,November,Mahindra,XUV,500,Pune,1,10000,675000,1075000,1863000,875000.0,988000.0
53,53,2018,October,Mahindra,XUV,500,Pune,1,10000,700000,1100000,1863000,900000.0,963000.0
54,54,2010,February,Tata,Nano,XMA,Mumbai,1,100000,40000,140000,330000,90000.0,240000.0
55,55,2011,July,Tata,Nano,XMA,Mumbai,1,100000,50000,150000,330000,100000.0,230000.0
56,56,2012,September,Tata,Nano,XMA,Mumbai,1,50000,60000,160000,330000,110000.0,220000.0
57,57,2013,November,Tata,Nano,XMA,Mumbai,1,50000,65000,165000,330000,115000.0,215000.0
58,58,2014,April,Tata,Nano,XMA,Mumbai,1,50000,70000,170000,330000,120000.0,210000.0
59,59,2015,June,Tata,Nano,XMA,Mumbai,1,10000,75000,175000,330000,125000.0,205000.0
60,60,2016,May,Tata,Nano,XMA,Mumbai,1,50000,80000,180000,330000,130000.0,200000.0
61,61,2017,December,Tata,Nano,XMA,Mumbai,1,10000,85000,185000,330000,135000.0,195000.0
62,62,2018,July,Tata,Nano,XMA,Mumbai,1,10000,90000,190000,330000,140000.0,190000.0
63,63,2010,October,Renault,Quid,RXE,Pune,1,150000,35000,135000,283000,85000.0,198000.0
64,64,2011,May,Renault,Quid,RXE,Pune,1,150000,45000,145000,283000,95000.0,188000.0
65,65,2012,June,Renault,Quid,RXE,Pune,1,100000,50000,150000,283000,100000.0,183000.0
66,66,2013,February,Renault,Quid,RXE,Pune,1,100000,60000,160000,283000,110000.0,173000.0
67,67,2014,July,Renault,Quid,RXE,Pune,1,100000,70000,170000,283000,120000.0,163000.0
68,68,2015,September,Renault,Quid,RXE,Pune,1,100000,75000,175000,283000,125000.0,158000.0
69,69,2016,November,Renault,Quid,RXE,Pune,1,50000,80000,180000,283000,130000.0,153000.0
70,70,2017,January,Renault,Quid,RXE,Pune,1,50000,95000,195000,283000,145000.0,138000.0
71,71,2018,February,Renault,Quid,RXE,Pune,1,50000,105000,205000,283000,155000.0,128000.0
72,72,2010,March,Honda,City,Vtec,Pune,1,100000,400000,500000,1500000,450000.0,1050000.0
73,73,2011,September,Honda,City,Vtec,Pune,1,100000,450000,550000,1500000,500000.0,1000000.0
74,74,2012,August,Honda,City,Vtec,Pune,1,50000,500000,600000,1500000,550000.0,950000.0
75,75,2013,November,Honda,City,Vtec,Pune,1,50000,550000,650000,1500000,600000.0,900000.0
76,76,2014,December,Honda,City,Vtec,Pune,1,50000,600000,700000,1500000,650000.0,850000.0
77,77,2015,July,Honda,City,Vtec,Pune,1,10000,650000,750000,1500000,700000.0,800000.0
78,78,2016,June,Honda,City,Vtec,Pune,1,50000,700000,800000,1500000,750000.0,750000.0
79,79,2017,August,Honda,City,Vtec,Pune,1,10000,750000,850000,1500000,800000.0,700000.0
80,80,2018,October,Honda,City,Vtec,Pune,1,10000,850000,950000,1500000,900000.0,600000.0
81,81,2010,February,Toyota,Corolla,SE,Mumbai,1,150000,550000,650000,1750000,600000.0,1150000.0
82,82,2011,July,Toyota,Corolla,SE,Mumbai,1,150000,600000,700000,1750000,650000.0,1100000.0
83,83,2012,September,Toyota,Corolla,SE,Mumbai,1,100000,700000,800000,1750000,750000.0,1000000.0
84,84,2013,November,Toyota,Corolla,SE,Mumbai,1,100000,750000,850000,1750000,800000.0,950000.0
85,85,2014,April,Toyota,Corolla,SE,Mumbai,1,100000,800000,900000,1750000,850000.0,900000.0
86,86,2015,June,Toyota,Corolla,SE,Mumbai,1,100000,900000,1000000,1750000,950000.0,800000.0
87,87,2016,May,Toyota,Corolla,SE,Mumbai,1,50000,950000,1050000,1750000,1000000.0,750000.0
88,88,2017,December,Toyota,Corolla,SE,Mumbai,1,50000,100000,200000,1750000,150000.0,1600000.0
89,89,2018,July,Toyota,Corolla,SE,Mumbai,1,50000,105000,205000,1750000,155000.0,1595000.0
90,90,2010,October,Hyundai,Santro,Magna,Mumbai,1,150000,100000,200000,568000,150000.0,418000.0
91,91,2011,May,Hyundai,Santro,Magna,Mumbai,1,150000,120000,220000,568000,170000.0,398000.0
92,92,2012,June,Hyundai,Santro,Magna,Mumbai,1,100000,140000,240000,568000,190000.0,378000.0
93,93,2013,February,Hyundai,Santro,Magna,Mumbai,1,100000,160000,260000,568000,210000.0,358000.0
94,94,2014,July,Hyundai,Santro,Magna,Mumbai,1,100000,190000,290000,568000,240000.0,328000.0
95,95,2015,September,Hyundai,Santro,Magna,Mumbai,1,50000,200000,300000,568000,250000.0,318000.0
96,96,2016,November,Hyundai,Santro,Magna,Mumbai,1,50000,250000,350000,568000,300000.0,268000.0
97,97,2017,January,Hyundai,Santro,Magna,Mumbai,1,50000,280000,380000,568000,330000.0,238000.0
98,98,2018,February,Hyundai,Santro,Magna,Mumbai,1,50000,300000,400000,568000,350000.0,218000.0
99,99,2010,March,Maruti,Alto,800,Pune,1,200000,60000,160000,350000,110000.0,240000.0
100,100,2011,September,Maruti,Alto,800,Pune,1,150000,70000,170000,350000,120000.0,230000.0
101,101,2012,August,Maruti,Alto,800,Pune,1,150000,80000,180000,350000,130000.0,220000.0
102,102,2013,November,Maruti,Alto,800,Pune,1,50000,90000,190000,350000,140000.0,210000.0
103,103,2014,December,Maruti,Alto,800,Pune,1,50000,105500,205500,350000,155500.0,194500.0
104,104,2015,July,Maruti,Alto,800,Pune,1,50000,120000,220000,350000,170000.0,180000.0
105,105,2016,June,Maruti,Alto,800,Pune,1,10000,130000,230000,350000,180000.0,170000.0
106,106,2017,August,Maruti,Alto,800,Pune,1,10000,140000,240000,350000,190000.0,160000.0
107,107,2018,October,Maruti,Alto,800,Pune,1,10000,150000,250000,350000,200000.0,150000.0
108,108,2010,February,Volkswagen,Polo,TDI,Mumbai,1,100000,100000,200000,583000,150000.0,433000.0
109,109,2011,July,Volkswagen,Polo,TDI,Mumbai,1,100000,135000,235000,583000,185000.0,398000.0
110,110,2012,September,Volkswagen,Polo,TDI,Mumbai,1,100000,150000,250000,583000,200000.0,383000.0
111,111,2013,November,Volkswagen,Polo,TDI,Mumbai,1,50000,160000,260000,583000,210000.0,373000.0
112,112,2014,April,Volkswagen,Polo,TDI,Mumbai,1,50000,175000,275000,583000,225000.0,358000.0
113,113,2015,June,Volkswagen,Polo,TDI,Mumbai,1,50000,200000,300000,583000,250000.0,333000.0
114,114,2016,May,Volkswagen,Polo,TDI,Mumbai,1,50000,250000,350000,583000,300000.0,283000.0
115,115,2017,December,Volkswagen,Polo,TDI,Mumbai,1,10000,300000,400000,583000,350000.0,233000.0
116,116,2018,July,Volkswagen,Polo,TDI,Mumbai,1,10000,350000,450000,583000,400000.0,183000.0
117,117,2010,October,Mahindra,XUV,500,Pune,1,150000,500000,600000,1863000,550000.0,1313000.0
118,118,2011,May,Mahindra,XUV,500,Pune,1,150000,600000,700000,1863000,650000.0,1213000.0
119,119,2012,June,Mahindra,XUV,500,Pune,1,200000,750000,850000,1863000,800000.0,1063000.0
120,120,2013,February,Mahindra,XUV,500,Pune,1,100000,800000,900000,1863000,850000.0,1013000.0
121,121,2014,July,Mahindra,XUV,500,Pune,1,50000,800000,900000,1863000,850000.0,1013000.0
122,122,2015,September,Mahindra,XUV,500,Pune,1,10000,950000,1050000,1863000,1000000.0,863000.0
123,123,2016,November,Mahindra,XUV,500,Pune,1,10000,1000000,1100000,1863000,1050000.0,813000.0
124,124,2017,January,Mahindra,XUV,500,Pune,1,10000,1200000,1300000,1863000,1250000.0,613000.0
125,125,2018,February,Mahindra,XUV,500,Pune,1,10000,1400000,1500000,1863000,1450000.0,413000.0
126,126,2010,March,Tata,Nano,XMA,Pune,1,100000,60000,160000,330000,110000.0,220000.0
127,127,2011,September,Tata,Nano,XMA,Pune,1,100000,75000,175000,330000,125000.0,205000.0
128,128,2012,August,Tata,Nano,XMA,Pune,1,50000,90000,190000,330000,140000.0,190000.0
129,129,2013,November,Tata,Nano,XMA,Pune,1,50000,100000,200000,330000,150000.0,180000.0
130,130,2014,December,Tata,Nano,XMA,Pune,1,50000,120000,320000,330000,220000.0,110000.0
131,131,2015,July,Tata,Nano,XMA,Pune,1,10000,130000,330000,330000,230000.0,100000.0
132,132,2016,June,Tata,Nano,XMA,Pune,1,50000,150000,350000,330000,250000.0,80000.0
133,133,2017,August,Tata,Nano,XMA,Pune,1,10000,200000,400000,330000,300000.0,30000.0
134,134,2018,October,Tata,Nano,XMA,Pune,1,10000,250000,380000,330000,315000.0,15000.0
135,135,2010,February,Renault,Quid,RXE,Mumbai,1,150000,55000,255000,283000,155000.0,128000.0
136,136,2011,July,Renault,Quid,RXE,Mumbai,1,150000,68000,268000,283000,168000.0,115000.0
137,137,2012,September,Renault,Quid,RXE,Mumbai,1,100000,75000,275000,283000,175000.0,108000.0
138,138,2013,November,Renault,Quid,RXE,Mumbai,1,100000,85000,285000,283000,185000.0,98000.0
139,139,2014,April,Renault,Quid,RXE,Mumbai,1,100000,98700,198700,283000,148700.0,134300.0
140,140,2015,June,Renault,Quid,RXE,Mumbai,1,100000,120000,220000,283000,170000.0,113000.0
141,141,2016,May,Renault,Quid,RXE,Mumbai,1,50000,125000,225000,283000,175000.0,108000.0
142,142,2017,December,Renault,Quid,RXE,Mumbai,1,50000,145000,245000,283000,195000.0,88000.0
143,143,2018,July,Renault,Quid,RXE,Mumbai,1,50000,168000,268000,283000,218000.0,65000.0
144,144,2010,October,Honda,City,Vtec,Mumbai,1,100000,330000,430000,1500000,380000.0,1120000.0
145,145,2011,May,Honda,City,Vtec,Mumbai,1,100000,460000,560000,1500000,510000.0,990000.0
146,146,2012,June,Honda,City,Vtec,Mumbai,1,50000,580000,680000,1500000,630000.0,870000.0
147,147,2013,February,Honda,City,Vtec,Mumbai,1,50000,620000,720000,1500000,670000.0,830000.0
148,148,2014,July,Honda,City,Vtec,Mumbai,1,50000,760000,860000,1500000,810000.0,690000.0
149,149,2015,September,Toyota,Corolla,SE,Mumbai,1,10000,670000,770000,1750000,720000.0,1030000.0
150,150,2016,November,Toyota,Corolla,SE,Mumbai,1,50000,840000,940000,1750000,890000.0,860000.0
151,151,2017,January,Toyota,Corolla,SE,Mumbai,1,10000,1205000,1305000,1750000,1255000.0,495000.0
152,152,2018,February,Toyota,Corolla,SE,Mumbai,1,10000,1400000,1600000,1750000,1500000.0,250000.0
153,153,2010,March,Toyota,Corolla,SE,Pune,1,150000,430000,630000,1750000,530000.0,1220000.0
154,154,2011,September,Hyundai,Santro,Magna,Pune,1,150000,68000,268000,568000,168000.0,400000.0
155,155,2012,August,Hyundai,Santro,Magna,Pune,1,100000,130000,330000,568000,230000.0,338000.0
156,156,2013,November,Hyundai,Santro,Magna,Pune,1,100000,145000,345000,568000,245000.0,323000.0
157,157,2014,December,Hyundai,Santro,Magna,Pune,1,100000,200000,400000,568000,300000.0,268000.0
158,158,2015,July,Hyundai,Santro,Magna,Pune,1,100000,230000,430000,568000,330000.0,238000.0
159,159,2016,June,Maruti,Alto,800,Pune,1,50000,126000,326000,350000,226000.0,124000.0
160,160,2017,August,Maruti,Alto,800,Pune,1,50000,130500,330500,350000,230500.0,119500.0
161,161,2018,October,Maruti,Alto,800,Pune,1,50000,160000,360000,350000,260000.0,90000.0
162,162,2010,February,Maruti,Alto,800,Mumbai,1,150000,60000,260000,350000,160000.0,190000.0
163,163,2011,July,Maruti,Alto,800,Mumbai,1,150000,70000,170000,350000,120000.0,230000.0
164,164,2012,September,Volkswagen,Polo,TDI,Mumbai,1,100000,150050,250050,583000,200050.0,382950.0
165,165,2013,November,Volkswagen,Polo,TDI,Mumbai,1,100000,159000,259000,583000,209000.0,374000.0
166,166,2014,April,Volkswagen,Polo,TDI,Mumbai,1,100000,174000,274000,583000,224000.0,359000.0
167,167,2015,June,Volkswagen,Polo,TDI,Mumbai,1,50000,230000,330000,583000,280000.0,303000.0
168,168,2016,May,Volkswagen,Polo,TDI,Mumbai,1,50000,220000,320000,583000,270000.0,313000.0
169,169,2017,December,Mahindra,XUV,500,Mumbai,1,50000,1500000,1600000,1863000,1550000.0,313000.0
170,170,2018,July,Mahindra,XUV,500,Mumbai,1,50000,1600000,1700000,1863000,1650000.0,213000.0
171,171,2010,October,Mahindra,XUV,500,Pune,1,200000,700000,800000,1863000,750000.0,1113000.0
172,172,2011,May,Mahindra,XUV,500,Pune,1,150000,805000,905000,1863000,855000.0,1008000.0
173,173,2012,June,Mahindra,XUV,500,Pune,1,150000,900000,1000000,1863000,950000.0,913000.0
174,174,2013,February,Tata,Nano,XMA,Pune,1,50000,90000,190000,330000,140000.0,190000.0
175,175,2014,July,Tata,Nano,XMA,Pune,1,50000,105000,205000,330000,155000.0,175000.0
176,176,2015,September,Tata,Nano,XMA,Pune,1,50000,130000,230000,330000,180000.0,150000.0
177,177,2016,November,Tata,Nano,XMA,Pune,1,10000,150000,250000,330000,200000.0,130000.0
178,178,2017,January,Tata,Nano,XMA,Pune,1,10000,190000,290000,330000,240000.0,90000.0
179,179,2018,February,Renault,Quid,RXE,Pune,1,10000,100000,200000,283000,150000.0,133000.0
180,180,2010,March,Renault,Quid,RXE,Pune,1,100000,46500,146500,283000,96500.0,186500.0
181,181,2011,September,Renault,Quid,RXE,Pune,1,100000,65000,165000,283000,115000.0,168000.0
182,182,2012,August,Renault,Quid,RXE,Pune,1,100000,70000,170000,283000,120000.0,163000.0
183,183,2013,November,Renault,Quid,RXE,Pune,1,50000,80000,180000,283000,130000.0,153000.0
184,184,2014,December,Hyundai,Santro,Magna,Pune,1,50000,200000,300000,568000,250000.0,318000.0
185,185,2015,July,Hyundai,Santro,Magna,Pune,1,50000,250000,350000,568000,300000.0,268000.0
186,186,2016,June,Hyundai,Santro,Magna,Pune,1,50000,300000,400000,568000,350000.0,218000.0
187,187,2017,August,Hyundai,Santro,Magna,Pune,1,10000,350000,450000,568000,400000.0,168000.0
188,188,2018,October,Maruti,Alto,800,Pune,1,10000,200400,400400,350000,300400.0,49600.0
189,189,2010,February,Maruti,Alto,800,Mumbai,1,150000,50000,250000,350000,150000.0,200000.0
190,190,2011,July,Maruti,Alto,800,Mumbai,1,150000,65000,265000,350000,165000.0,185000.0
191,191,2012,September,Maruti,Alto,800,Mumbai,1,200000,100000,300000,350000,200000.0,150000.0
192,192,2013,November,Maruti,Alto,800,Mumbai,1,100000,120000,320000,350000,220000.0,130000.0
193,193,2014,April,Volkswagen,Polo,TDI,Mumbai,1,50000,164000,364000,583000,264000.0,319000.0
194,194,2015,June,Volkswagen,Polo,TDI,Mumbai,1,10000,173000,373000,583000,273000.0,310000.0
195,195,2016,May,Volkswagen,Polo,TDI,Mumbai,1,10000,205000,405000,583000,305000.0,278000.0
196,196,2017,December,Volkswagen,Polo,TDI,Mumbai,1,10000,350000,550000,583000,450000.0,133000.0
197,197,2018,July,Volkswagen,Polo,TDI,Mumbai,1,10000,398000,498000,583000,448000.0,135000.0
